oracle_rank,name,oracle,direct_dependents,dependents_rank
1,libc,2311.3404,4330,14
2,unicode-ident,1941.0073,6,3304
3,proc-macro2,1940.6223,3392,17
4,quote,1894.3308,4135,16
5,syn,1863.8939,4202,15
6,cfg-if,1341.0088,835,52
7,serde,1172.4571,16012,1
8,num-traits,998.9754,2040,27
9,bitflags,928.0599,1628,32
10,lazy_static,849.9914,5033,9
11,log,772.4898,9345,3
12,winapi-i686-pc-windows-gnu,718.1164,3,5746
13,winapi-x86_64-pc-windows-gnu,718.1064,3,5746
14,winapi,717.2064,1404,37
15,rand_core,714.1033,377,100
16,rand,643.8447,5255,6
17,byteorder,629.2541,2350,24
18,hashbrown,530.3416,326,118
19,itoa,528.5122,124,303
20,ryu,491.4366,59,526
21,num-integer,489.0731,172,231
22,thiserror,465.5937,5958,5
23,thiserror-impl,465.5587,2,7676
24,regex-syntax,459.6889,63,494
25,regex,452.1030,4408,13
26,serde_json,441.8306,10589,2
27,indexmap,439.2076,687,63
28,memchr,427.9807,303,131
29,pin-project-lite,415.1928,234,175
30,once_cell,319.3670,1625,33
31,bytes,318.5525,3122,19
32,futures-core,310.7137,352,109
33,textwrap,301.3951,139,281
34,either,300.0278,388,98
35,os_str_bytes,292.0748,22,1099
36,clap,289.1603,6655,4
37,clap_lex,289.1388,2,7676
38,fnv,278.4840,389,97
39,nb,276.1816,273,145
40,anyhow,273.2888,4674,11
41,smallvec,271.0083,698,62
42,pin-utils,270.3808,86,394
43,embedded-hal,269.5066,702,61
44,typenum,264.5690,183,222
45,futures-task,260.6465,16,1421
46,futures-util,257.9074,808,54
47,chrono,252.9585,4755,10
48,tokio,242.1357,5107,8
49,futures-channel,236.1077,118,314
50,base64,229.8083,1996,29
51,redox_syscall,216.4919,25,1001
52,futures-sink,213.9349,63,494
53,percent-encoding,209.6971,472,83
54,scopeguard,202.3553,106,338
55,hermit-abi,195.3877,3,5746
56,generic-array,193.2610,245,167
57,tinyvec,191.8317,46,638
58,serde_derive,187.3684,4413,12
59,itertools,183.0833,2692,21
60,matches,182.2214,73,442
61,windows_aarch64_msvc,180.4376,2,7676
62,windows_i686_gnu,180.4126,2,7676
63,windows_i686_msvc,180.3876,2,7676
64,windows_x86_64_gnu,180.3526,2,7676
65,vcell,180.3244,605,69
66,windows_x86_64_msvc,180.3226,2,7676
67,unicode-normalization,177.7820,102,343
68,minimal-lexical,177.7489,1,11797
69,nom,177.3289,1103,43
70,tracing-core,176.4247,74,436
71,futures-io,176.3853,76,426
72,paste,172.9189,492,79
73,tracing,171.6200,1558,34
74,num-complex,165.3967,155,260
75,form_urlencoded,164.6686,40,715
76,unicode-bidi,163.4727,9,2348
77,num-rational,162.2329,96,357
78,idna,161.0145,39,733
79,crypto-common,160.1678,9,2348
80,failure,160.0439,1788,30
81,windows-sys,158.4010,41,698
82,url,158.3138,3034,20
83,futures,158.2322,5238,7
84,heck,157.4064,373,101
85,wasi,157.1453,14,1605
86,digest,147.5446,372,102
87,http,147.4936,1551,35
88,crossbeam-utils,146.6853,197,208
89,num_threads,146.0739,2,7676
90,time,145.3245,1118,42
91,toml,144.4982,2026,28
92,bumpalo,138.1067,35,795
93,proc-macro-error,137.7057,253,162
94,proc-macro-error-attr,137.5807,1,11797
95,arrayvec,137.4256,359,106
96,num_cpus,136.3287,787,55
97,num-iter,134.2331,16,1421
98,hex,131.9535,1482,36
99,uuid,130.7010,1630,31
100,wasm-bindgen,130.3459,717,59
101,wasm-bindgen-macro,129.6893,1,11797
102,wasm-bindgen-macro-support,128.9402,2,7676
103,wasm-bindgen-shared,128.8617,4,4624
104,wasm-bindgen-backend,128.6447,2,7676
105,crossbeam-channel,125.6339,611,67
106,getrandom,122.6880,264,148
107,bare-metal,122.2181,307,127
108,js-sys,119.4917,396,94
109,lock_api,117.6730,36,780
110,httparse,117.1918,142,275
111,unicode-width,117.1676,305,130
112,web-sys,113.9772,484,82
113,tower-service,112.4628,102,343
114,bitfield,110.8608,48,618
115,parking_lot_core,109.3690,11,1945
116,cpufeatures,109.3580,9,2348
117,httpdate,108.9557,41,698
118,http-body,107.7071,73,442
119,static_assertions,106.9212,222,183
120,async-trait,105.3975,2391,23
121,volatile-register,104.6622,14,1605
122,parking_lot,104.0981,1133,40
123,cortex-m,102.4056,733,57
124,hyper,101.7149,2046,26
125,want,100.9775,1,11797
126,try-lock,100.6615,2,7676
127,memoffset,100.2920,68,465
128,num,97.0887,943,49
129,nix,96.9944,816,53
130,slab,94.1672,203,200
131,rustc-serialize,91.5685,520,75
132,mime,88.8887,1095,44
133,bytemuck,84.6240,262,154
134,spin,83.5631,102,343
135,unicode-xid,83.5332,76,426
136,sha2,81.7000,1214,38
137,crossbeam-epoch,79.6992,34,807
138,env_logger,78.1693,2071,25
139,zeroize,78.1363,302,132
140,tokio-util,76.1038,458,85
141,error-chain,75.3579,666,64
142,crossbeam-deque,74.5356,29,906
143,maybe-uninit,74.0387,3,5746
144,linked-hash-map,73.6806,162,247
145,atty,72.5539,520,75
146,crc32fast,72.3360,99,349
147,rayon,71.9746,1148,39
148,rayon-core,71.8165,6,3304
149,winapi-util,71.5951,20,1183
150,bincode,71.2232,1036,46
151,encoding_rs,70.4637,162,247
152,cty,68.5279,86,394
153,redox_users,62.8706,3,5746
154,adler,62.1630,2,7676
155,miniz_oxide,61.8730,30,888
156,instant,61.4162,96,357
157,glob,61.2230,607,68
158,rustversion,61.1525,50,595
159,unicode-segmentation,61.1015,263,152
160,serde_urlencoded,61.0289,318,122
161,siphasher,59.9381,55,557
162,wasm-bindgen-futures,59.7222,209,192
163,structopt,59.1409,2536,22
164,structopt-derive,59.1311,61,509
165,ident_case,58.0595,11,1945
166,subtle,57.4913,168,239
167,darling_core,56.9928,2,7676
168,darling,56.8950,233,176
169,darling_macro,56.8350,1,11797
170,approx,56.2654,156,257
171,maplit,55.8094,263,152
172,xml-rs,54.5636,217,186
173,stable_deref_trait,53.8335,57,540
174,ipnet,53.6097,66,473
175,crunchy,52.6815,37,768
176,winreg,52.0813,77,421
177,ucd-trie,50.7606,9,2348
178,derive_more,50.3745,726,58
179,bit-vec,50.1812,130,295
180,fastrand,49.2914,171,234
181,bstr,49.0928,119,313
182,same-file,48.3186,22,1099
183,num-bigint,47.9524,345,111
184,walkdir,47.8627,843,50
185,synstructure,47.3298,95,362
186,proc-macro-crate,46.4960,142,275
187,pest,46.3920,381,99
188,proc-macro-hack-impl,46.1587,1,11797
189,h2,46.1529,13,1689
190,yaml-rust,45.9066,207,194
191,unicase,45.6667,94,364
192,reqwest,45.4228,3335,18
193,proc-macro-hack,45.1937,214,188
194,semver,44.8147,549,72
195,phf_shared,43.4057,10,2140
196,quick-error,43.3041,276,142
197,void,42.4801,201,203
198,color_quant,39.6150,7,2904
199,bit_field,39.6131,63,494
200,phf,39.5819,229,178
201,pin-project,39.3626,371,103
202,untrusted,39.2299,50,595
203,pin-project-internal,39.2076,1,11797
204,mio,39.1125,269,146
205,arrayref,39.0904,203,200
206,core-foundation-sys,39.0664,42,686
207,getopts,38.2013,325,120
208,pest_meta,38.0126,9,2348
209,image,37.3750,838,51
210,libm,37.3190,84,403
211,remove_dir_all,37.2738,35,795
212,pest_generator,37.1860,2,7676
213,pest_derive,37.0338,331,116
214,colored,36.4865,1045,45
215,dirs-sys,35.9597,5,3860
216,ordered-float,34.9648,224,179
217,inflector,34.4994,196,210
218,ring,34.3419,397,93
219,async-std,34.2125,548,73
220,hmac,33.5294,368,105
221,tempfile,33.0756,948,48
222,serde_yaml,32.7328,1020,47
223,strum,32.3375,632,65
224,fixedbitset,31.7264,39,733
225,num-derive,31.6487,463,84
226,rustc-hash,31.2995,205,198
227,prost,31.2905,485,80
228,rawpointer,30.9468,8,2601
229,flate2,30.8248,631,66
230,fxhash,30.5861,164,244
231,dirs-sys-next,29.9714,3,5746
232,event-listener,29.4259,46,638
233,foreign-types-macros,29.1707,1,11797
234,foreign-types-shared,29.1658,4,4624
235,dirs-next,29.1383,148,267
236,foreign-types,29.1290,39,733
237,half,29.0669,69,461
238,rustc-demangle,28.7506,50,595
239,doc-comment,28.5875,55,557
240,num_enum,28.5675,238,172
241,json,28.5406,255,159
242,constant_time_eq,28.5339,19,1228
243,libz-sys,28.4946,21,1148
244,dirs,28.4737,1130,41
245,gimli,28.3508,36,780
246,num_enum_derive,28.3425,2,7676
247,encode_unicode,28.0288,14,1605
248,matrixmultiply,27.8170,5,3860
249,object,27.6607,65,480
250,terminal_size,27.6191,117,318
251,ansi_term,27.5123,498,78
252,serde_bytes,27.4950,286,138
253,ahash,27.4833,173,230
254,cache-padded,27.1476,13,1689
255,ndarray,26.5296,419,91
256,socket2,26.2597,135,287
257,simba,25.9183,27,960
258,crossbeam,25.8735,424,90
259,cipher,25.4516,75,430
260,combine,25.4069,66,473
261,quick-xml,25.3268,223,181
262,tokio-stream,25.2053,603,70
263,inout,25.1816,1,11797
264,nalgebra,25.1132,357,108
265,keccak,25.0352,7,2904
266,tracing-subscriber,24.9188,522,74
267,core-foundation,24.5156,104,340
268,termcolor,24.5047,247,166
269,errno-dragonfly,24.2853,1,11797
270,openssl-sys,24.2669,64,489
271,addr2line,24.2354,10,2140
272,errno,24.1753,131,294
273,glib-sys,24.1577,153,263
274,lalrpop-util,24.1037,133,291
275,windows,24.0781,201,203
276,backtrace,23.8780,211,191
277,petgraph,23.8125,288,135
278,libloading,23.6902,196,210
279,curve25519-dalek,23.6534,130,295
280,glam,23.6347,98,354
281,dyn-clone,23.3554,82,407
282,downcast-rs,23.0945,116,320
283,cc,23.0898,60,515
284,malloc_buf,23.0663,2,7676
285,tree-sitter,23.0093,99,349
286,strsim,22.6157,392,96
287,objc,22.4896,125,301
288,logos,22.1703,85,399
289,console,22.0479,369,104
290,sha3,21.9681,282,140
291,sha-1,21.9640,256,158
292,tap,21.3140,51,586
293,bit-set,21.2586,70,456
294,signal-hook-registry,21.1489,8,2601
295,csv-core,21.1478,8,2601
296,strum_macros,20.9420,435,88
297,funty,20.6382,43,671
298,numtoa,20.2885,12,1807
299,csv,20.2226,516,77
300,rgb,20.1022,80,411
301,gobject-sys,19.9529,111,331
302,scoped-tls,19.8052,34,807
303,derivative,19.6229,224,179
304,bitcoin_hashes,19.6168,53,569
305,signal-hook,19.5850,175,229
306,widestring,19.5619,101,347
307,jni-sys,19.5065,13,1689
308,data-encoding,19.1930,194,213
309,adler32,18.7309,21,1148
310,concurrent-queue,18.7169,20,1183
311,crc-catalog,18.5592,1,11797
312,slog,18.4988,274,143
313,radium,18.4104,2,7676
314,wyz,18.2613,5,3860
315,include_dir_macros,18.1756,1,11797
316,convert_case,18.1637,124,303
317,redox_termios,18.1439,5,3860
318,aho-corasick,18.1079,50,595
319,include_dir,18.0706,134,290
320,tiny-keccak,18.0650,159,253
321,bech32,17.9992,65,480
322,signature,17.9349,51,586
323,kernel32-sys,17.9227,87,389
324,float-cmp,17.8838,73,442
325,ttf-parser,17.8718,20,1183
326,thread_local,17.7767,42,686
327,riscv,17.7722,35,795
328,crc,17.5792,165,242
329,typed-arena,17.4343,57,540
330,futures-lite,17.4192,141,277
331,bitvec,17.3104,171,234
332,openssl,17.2815,438,87
333,uint,17.2762,65,480
334,openssl-macros,17.2034,1,11797
335,termion,17.1896,337,114
336,block,16.9810,33,825
337,secp256k1-sys,16.9652,3,5746
338,tower-layer,16.7974,38,754
339,md5,16.6339,206,195
340,ta-common,16.3333,26,980
341,az,16.0803,11,1945
342,mime_guess,16.0077,195,212
343,webpki,15.9648,74,436
344,seahash,15.9293,44,658
345,mach,15.8359,49,605
346,byte-slice-cast,15.8289,25,1001
347,rustls,15.5188,167,241
348,ed25519,15.5122,25,1001
349,cast,15.4954,86,394
350,sct,15.3654,5,3860
351,der,15.1674,15,1504
352,filetime,15.1331,102,343
353,memmap2,15.0570,87,389
354,secp256k1,14.9852,116,320
355,arc-swap,14.7857,88,383
356,euclid,14.6218,87,389
357,bs58,14.5077,185,220
358,async-channel,14.4581,110,333
359,encoding_index_tests,14.3653,5,3860
360,memmap,14.0560,212,190
361,rand_distr,13.9809,145,270
362,fallible-iterator,13.9008,41,698
363,fixed-hash,13.5190,20,1183
364,cgmath,13.4149,129,298
365,snafu-derive,13.3729,2,7676
366,rust-crypto,13.2802,280,141
367,snafu,13.2500,259,155
368,micromath,13.2341,19,1228
369,rmp,13.1828,62,499
370,md-5,13.0768,137,283
371,slotmap,12.9998,64,489
372,zip,12.9914,348,110
373,blake3,12.9478,155,260
374,ppv-lite86,12.7907,2,7676
375,rand_xoshiro,12.7895,44,658
376,no-std-compat,12.7711,29,906
377,bitmaps,12.7282,11,1945
378,impl-trait-for-tuples,12.5384,38,754
379,term,12.5239,132,293
380,serde_repr,12.4812,214,188
381,pulldown-cmark,12.4498,242,168
382,failure_derive,12.4032,264,148
383,number_prefix,12.3494,29,906
384,str-buf,12.3227,7,2904
385,dtoa,12.3176,25,1001
386,tokio-rustls,12.2711,103,341
387,crossbeam-queue,12.2672,73,442
388,bytecount,12.1483,49,605
389,camino,12.1001,59,526
390,shlex,12.0872,56,550
391,critical-section,12.0741,8,2601
392,utf-8,12.0305,9,2348
393,protobuf-support,11.9912,3,5746
394,schannel,11.9700,4,4624
395,leb128,11.9081,48,618
396,array-init,11.8957,44,658
397,coord_2d,11.8903,14,1605
398,protobuf,11.8762,266,147
399,docopt,11.8723,235,173
400,libgit2-sys,11.8506,6,3304
401,sdl2-sys,11.8405,12,1807
402,hash32,11.8186,24,1033
403,git2,11.7421,485,80
404,blake2,11.6923,172,231
405,futures-executor,11.4876,34,807
406,raw-window-handle,11.4647,85,399
407,async-stream-impl,11.4606,1,11797
408,pathdiff,11.4495,118,314
409,dotenv,11.4475,341,113
410,gio-sys,11.4410,75,430
411,unsigned-varint,11.4198,83,405
412,dunce,11.3580,80,411
413,async-stream,11.3539,161,250
414,sdl2,11.2857,114,323
415,unic-char-range,11.2844,17,1342
416,threadpool,11.2696,163,246
417,yansi,11.2516,82,407
418,atomic-polyfill,11.1014,7,2904
419,crossterm_winapi,11.0465,9,2348
420,gl,11.0283,80,411
421,rand_chacha,10.9393,145,270
422,piston-float,10.9392,4,4624
423,termios,10.9031,42,686
424,scroll,10.8939,52,576
425,cesu8,10.8828,17,1342
426,displaydoc,10.7633,77,421
427,hashlink,10.7588,17,1342
428,indenter,10.7313,14,1605
429,rustc-hex,10.6891,60,515
430,parity-wasm,10.6738,61,509
431,heapless,10.6385,181,226
432,fallible-streaming-iterator,10.5945,13,1689
433,xmlparser,10.5773,13,1689
434,chlorine,10.4887,9,2348
435,twox-hash,10.4534,92,370
436,indicatif,10.4477,551,71
437,fst,10.4376,37,768
438,globset,10.4213,99,349
439,cargo-platform,10.4158,8,2601
440,unic-common,10.4110,2,7676
441,vec_map,10.3973,48,618
442,chunked_transfer,10.3651,5,3860
443,console_error_panic_hook,10.3302,87,389
444,rmp-serde,10.2193,205,198
445,enum_primitive,10.2121,77,421
446,serde_with,10.2092,240,170
447,core-graphics-types,10.1992,6,3304
448,pretty_env_logger,10.1738,396,94
449,assert_approx_eq,10.1646,25,1001
450,hyper-rustls,10.1498,751,56
451,utf8-width,10.1456,5,3860
452,prost-types,10.0928,165,242
453,urlencoding,10.0154,182,224
454,humantime,9.9351,197,208
455,ndk-sys,9.8999,14,1605
456,primitive-types,9.8118,55,557
457,unreachable,9.8043,18,1287
458,owned_ttf_parser,9.7661,5,3860
459,signal-hook-mio,9.7575,3,5746
460,eyre,9.7412,189,217
461,traitobject,9.7326,6,3304
462,cargo_metadata,9.6812,250,164
463,crossterm,9.6644,450,86
464,utf8parse,9.6508,6,3304
465,ab_glyph_rasterizer,9.5894,2,7676
466,plain,9.5756,13,1689
467,ed25519-dalek,9.5635,172,231
468,libsqlite3-sys,9.5577,26,980
469,futures-core-preview,9.5487,24,1033
470,tokio-io,9.5449,206,195
471,new_debug_unreachable,9.4695,5,3860
472,unic-ucd-version,9.4460,16,1421
473,fs2,9.4232,133,291
474,encoding-index-korean,9.3753,2,7676
475,async-task,9.3727,23,1071
476,x11,9.3686,61,509
477,ctor,9.3651,48,618
478,yup-oauth2,9.3553,712,60
479,hidapi,9.3373,55,557
480,svg,9.2895,42,686
481,unic-char-property,9.2844,15,1504
482,ron,9.2807,164,244
483,bitcoin,9.0896,129,298
484,derive_builder_core,9.0729,1,11797
485,ash,9.0514,34,807
486,derive_builder_macro,9.0329,1,11797
487,error-code,9.0195,4,4624
488,tower,8.9583,413,92
489,derive_builder,8.9570,239,171
490,erased-serde,8.9309,80,411
491,rand_xorshift,8.9081,47,630
492,link-cplusplus,8.9068,5,3860
493,encoding-index-japanese,8.8753,1,11797
493,encoding-index-simpchinese,8.8753,1,11797
493,encoding-index-singlebyte,8.8753,1,11797
493,encoding-index-tradchinese,8.8753,1,11797
497,sha1,8.7301,123,307
498,ascii,8.7296,38,754
499,encoding,8.7186,118,314
500,core-graphics,8.7137,63,494
501,ureq,8.7127,274,143
502,chumsky,8.6738,18,1287
503,rust_decimal,8.6637,156,257
504,cairo-sys-rs,8.6275,31,863
505,ndk-context,8.5657,3,5746
506,bufstream,8.5471,43,671
507,mac,8.5440,11,1945
508,sized-chunks,8.5184,3,5746
509,ref-cast,8.4921,21,1148
510,sgx_types,8.4699,16,1421
511,parity-scale-codec,8.4036,332,115
512,ref-cast-impl,8.3971,1,11797
513,aead,8.3536,45,648
514,deflate,8.3407,21,1148
515,custom_derive,8.3268,25,1001
516,precomputed-hash,8.3178,6,3304
517,pbkdf2,8.3038,89,380
518,lexical-util,8.2896,5,3860
519,volatile,8.2487,13,1689
520,ndk,8.1784,12,1807
521,language-tags,8.1563,17,1342
522,ndk-glue,8.1062,20,1183
523,crypto-bigint,8.0902,6,3304
524,ndk-macro,8.0797,1,11797
525,core2,8.0548,8,2601
526,clipboard-win,7.9637,19,1228
527,secrecy,7.9520,45,648
528,rusqlite,7.9488,285,139
529,llvm-sys,7.9319,28,935
530,if_chain,7.9140,35,795
531,base16ct,7.8848,13,1689
532,owo-colors,7.8772,60,515
533,home,7.8629,160,251
534,objc_id,7.8304,33,825
535,string_cache,7.8087,30,888
536,dvcompute_utils,7.8073,12,1807
537,tokio-executor,7.8017,34,807
538,unsafe-any,7.7729,10,2140
539,opaque-debug,7.7716,12,1807
540,inotify-sys,7.7673,2,7676
541,usb-device,7.7489,33,825
542,diesel,7.7281,198,206
543,diesel_derives,7.7260,3,5746
544,which,7.7191,182,224
545,directories,7.7070,342,112
546,linux-raw-sys,7.5942,2,7676
547,take_mut,7.5739,26,980
548,inotify,7.5539,33,825
549,rustix,7.5478,33,825
550,seq-macro,7.5242,20,1183
551,smartstring,7.5156,40,715
552,objc-foundation,7.5019,35,795
553,dashmap,7.4694,223,181
554,ctrlc,7.4601,296,133
555,libsodium-sys,7.4530,17,1342
556,geo-types,7.4528,52,576
557,owning_ref,7.3896,51,586
558,nodrop,7.3343,13,1689
559,lru,7.3220,140,279
560,pango-sys,7.3187,19,1228
561,aes,7.3094,135,287
562,actix-rt,7.2647,171,234
563,serde_cbor,7.2606,156,257
564,integer-encoding,7.1619,33,825
565,integer-sqrt,7.1359,16,1421
566,atomic,7.1354,36,780
567,no-std-net,7.1352,14,1605
568,boolinator,7.1182,31,863
569,ignore,7.0548,171,234
570,libusb1-sys,7.0534,10,2140
571,schemars,7.0101,248,165
572,elliptic-curve,7.0099,27,960
573,grid_2d,6.9609,18,1287
574,multihash,6.9354,58,538
575,indoc,6.9336,110,333
576,futures-timer,6.9318,143,273
577,handlebars,6.9031,258,156
578,derive-new,6.8599,113,327
579,pmutil,6.8437,25,1001
580,cassowary,6.8432,12,1807
581,crc16,6.8405,29,906
582,flume,6.7903,124,303
583,generator,6.7810,6,3304
584,im,6.7562,59,526
585,ff,6.7264,62,499
586,curl-sys,6.7198,9,2348
587,security-framework-sys,6.7040,3,5746
588,libsecp256k1-core,6.6797,4,4624
589,libsecp256k1,6.6643,53,569
590,glib-macros,6.6456,1,11797
591,rppal,6.6303,36,780
592,id-arena,6.6243,19,1228
593,compare,6.6180,11,1945
594,tracing-futures,6.6138,190,215
595,glib,6.6086,206,195
596,cxxbridge-macro,6.5653,1,11797
597,cookie,6.5651,96,357
598,getset,6.5578,109,335
599,shell-words,6.5530,65,480
600,arbitrary,6.5452,29,906
601,ntapi,6.5421,19,1228
602,serde_path_to_error,6.5323,39,733
603,anymap,6.5299,34,807
604,security-framework,6.5240,13,1689
605,csfml-system-sys,6.5204,5,3860
606,gdk-pixbuf-sys,6.5090,23,1071
607,blake2-rfc,6.4992,73,442
608,i2cdev,6.4933,47,630
609,rusttype,6.4811,96,357
610,cocoa-foundation,6.4635,6,3304
611,codespan-reporting,6.4612,80,411
612,serde-value,6.4459,50,595
613,target-lexicon,6.4364,62,499
614,alloc-no-stdlib,6.4093,7,2904
615,hash-db,6.4013,27,960
616,cxx,6.3986,59,526
617,ncurses,6.3971,22,1099
618,tar,6.3844,288,135
619,loom,6.3810,29,906
620,openssl-probe,6.3632,44,658
621,vecmath,6.3587,31,863
622,tonic,6.2830,264,148
623,dialoguer,6.2746,289,134
624,mopa,6.2536,16,1421
625,amplify_num,6.2233,3,5746
626,cocoa,6.2129,68,465
627,gcd,6.2126,12,1807
628,universal-hash,6.2088,3,5746
629,argparse,6.1786,70,456
630,text_io,6.1750,60,515
631,serde_qs,6.1617,88,383
632,kqueue-sys,6.1594,1,11797
633,iovec,6.1539,15,1504
634,roxmltree,6.1523,67,468
635,futures-util-preview,6.1358,21,1148
636,lexical-core,6.1280,14,1605
637,wasm4fun-core,6.1103,7,2904
638,goblin,6.1045,103,341
639,curl,6.0884,147,268
640,primal-check,6.0818,4,4624
641,mint,6.0684,31,863
642,firestorm,6.0655,6,3304
643,rle-decode-fast,6.0624,1,11797
644,imgref,6.0480,25,1001
645,futf,6.0445,1,11797
646,borsh-derive,5.9876,31,863
647,bytestring,5.9820,12,1807
648,snap,5.9740,62,499
649,borsh,5.9673,155,260
650,kqueue,5.9461,3,5746
651,wepoll-ffi,5.9424,1,11797
652,waker-fn,5.9229,7,2904
653,png,5.9182,111,331
654,custom_error,5.8944,49,605
655,atomic-waker,5.8941,11,1945
656,atomic_refcell,5.8920,33,825
657,notify,5.8867,264,148
658,borsh-derive-internal,5.8735,1,11797
658,borsh-schema-derive-internal,5.8735,1,11797
660,tendril,5.8695,31,863
661,rand_pcg,5.8503,66,473
662,polling,5.8396,8,2601
663,local-waker,5.8104,3,5746
664,bv,5.7972,26,980
665,ioctl-sys,5.7959,13,1689
666,tui,5.7903,235,173
667,r0,5.7450,20,1183
668,dasp_sample,5.7136,12,1807
669,pkg-config,5.7013,19,1228
670,fern,5.6964,187,218
671,deunicode,5.6879,17,1342
672,endian-type,5.6583,2,7676
672,nibble_vec,5.6583,2,7676
674,tokio-sync,5.6284,18,1287
675,xcb,5.6122,36,780
676,yaxpeax-arch,5.5927,18,1287
677,cortex-m-rt-macros,5.5331,1,11797
678,lazycell,5.5226,27,960
679,markup5ever,5.4945,18,1287
680,pom,5.4909,16,1421
681,html-escape,5.4865,48,618
682,strength_reduce,5.4443,3,5746
683,unwrap,5.4438,51,586
684,rpi_embedded,5.4242,17,1342
685,sp-std,5.4194,191,214
686,futures-executor-preview,5.3845,10,2140
687,libdbus-sys,5.3814,1,11797
688,safemem,5.3798,8,2601
689,simplelog,5.3645,242,168
690,tokio-timer,5.3556,64,489
691,html5ever,5.3455,83,405
692,raw-cpuid,5.3447,26,980
693,actix-service,5.3390,65,480
694,cortex-m-rt,5.3331,89,380
695,radix_trie,5.3245,16,1421
696,actix-codec,5.3224,32,848
697,aws-smithy-types,5.3084,324,121
698,allegro_util,5.3026,16,1421
699,native-tls,5.3005,162,247
700,pico-args,5.2944,64,489
701,match_cfg,5.2815,1,11797
702,shell-escape,5.2707,52,576
703,cstr_core,5.2569,33,825
704,bytes-utils,5.2362,6,3304
705,serial-core,5.2240,11,1945
706,hostname,5.2065,108,337
707,unicode_categories,5.1815,15,1504
708,dbus,5.1814,75,430
709,gstreamer-sys,5.1770,21,1148
710,minicbor,5.1759,28,935
711,pqcrypto-traits,5.1688,20,1183
712,inflections,5.1681,21,1148
713,actix-utils,5.1675,28,935
714,base-x,5.1384,10,2140
715,memory_units,5.1117,9,2348
716,fs_extra,5.1098,158,254
717,transpose,5.1008,11,1945
718,async-executor,5.0655,22,1099
719,libflate_lz77,5.0624,2,7676
720,peg-runtime,5.0596,2,7676
721,atom,5.0549,7,2904
722,capnp,5.0532,33,825
723,embedded-graphics-core,5.0449,8,2601
724,oauth2,5.0346,43,671
725,stringprep,5.0332,6,3304
726,generational-arena,5.0255,31,863
727,tinystr,5.0199,21,1148
728,blake2b_simd,5.0196,60,515
729,ioctl-rs,5.0102,4,4624
730,futures-io-preview,5.0072,10,2140
731,wild,5.0061,18,1287
732,linux-api,5.0000,5,3860
733,tokio-reactor,4.9837,23,1071
734,config,4.9667,255,159
735,aws-smithy-http,4.9510,326,118
736,zstd-sys,4.9476,4,4624
737,rug,4.9463,41,698
738,diff,4.9451,39,733
739,multimap,4.9252,49,605
740,ghost,4.9186,3,5746
741,const-cstr,4.9049,27,960
742,jni,4.8970,60,515
743,rusoto_credential,4.8843,44,658
744,actix-http,4.8834,82,407
745,cranelift-entity,4.8658,22,1099
746,msp430,4.8638,13,1689
747,rs-ctypes,4.8590,8,2601
748,tempdir,4.8573,184,221
749,rusoto_signature,4.8461,11,1945
750,spki,4.8376,9,2348
751,rusoto_core,4.8344,359,106
752,rgb24,4.8309,3,5746
753,difference,4.8205,47,630
754,aws-smithy-async,4.8177,310,124
754,aws-smithy-http-tower,4.8177,308,125
756,peg-macros,4.8096,1,11797
757,console_log,4.8075,34,807
758,gdk-sys,4.8033,31,863
759,aws-smithy-client,4.7933,312,123
760,sodiumoxide,4.7659,93,368
761,simple_logger,4.7559,178,228
762,aws-sigv4,4.7421,5,3860
763,aws-types,4.7407,327,117
764,async-lock,4.7353,38,754
765,zerocopy-derive,4.7328,3,5746
766,bimap,4.7322,38,754
767,oorandom,4.7163,17,1342
768,atk-sys,4.7142,8,2601
769,hash256-std-hasher,4.7131,6,3304
770,serde-xml-rs,4.7013,124,303
771,k256,4.7012,32,848
772,bigdecimal,4.7003,86,394
773,users,4.6842,112,329
774,sysinfo,4.6822,153,263
775,aws-endpoint,4.6819,306,129
775,aws-http,4.6819,307,127
775,aws-sig-auth,4.6819,308,125
778,text-size,4.6797,16,1421
779,tungstenite,4.6658,99,349
780,rlibc,4.6507,9,2348
781,bytesize,4.6499,90,375
782,pyo3-ffi,4.6467,2,7676
783,platforms,4.6216,14,1605
784,peg,4.6146,49,605
785,amplify,4.6122,65,480
786,zerocopy,4.6078,57,540
787,pyo3,4.5842,123,307
788,block-modes,4.5648,84,403
789,actix-router,4.5515,9,2348
790,try_from,4.5423,27,960
791,rustfft,4.5055,53,569
792,os_display,4.5027,3,5746
793,parking,4.4979,3,5746
794,hamming,4.4961,7,2904
795,cairo-rs,4.4952,81,410
796,azure_core,4.4930,253,162
797,actix-server,4.4906,14,1605
798,pi_slab,4.4844,9,2348
799,shared_library,4.4818,12,1807
800,net2,4.4793,97,355
801,quickcheck,4.4565,32,848
802,enum-iterator-derive,4.4521,4,4624
803,uucore_procs,4.4452,1,11797
804,dispatch,4.4366,16,1421
805,tetsy-hash-db,4.4362,33,825
806,enum-iterator,4.4321,55,557
807,dlv-list,4.4255,2,7676
808,enum-primitive-derive,4.4240,50,595
809,lyon_geom,4.4232,11,1945
810,ferris-says,4.4232,20,1183
811,arraydeque,4.4217,24,1033
812,aws-smithy-json,4.4186,288,135
813,async-io,4.4176,56,550
814,ctr,4.4102,28,935
815,drone-ctypes,4.4028,3,5746
816,actix-web,4.3966,434,89
817,uucore,4.3952,105,339
818,hkdf,4.3904,74,436
819,gtk-sys,4.3608,45,648
820,infer,4.3601,26,980
821,headers,4.3595,56,550
822,vte_generate_state_changes,4.3592,1,11797
823,ethbloom,4.3589,4,4624
824,exitfailure,4.3549,114,323
825,argh_shared,4.3544,2,7676
826,weezl,4.3445,6,3304
827,xxhash-rust,4.3423,18,1287
828,wain-ast,4.3333,5,3860
829,libflate,4.3290,92,370
830,wasmparser,4.3124,45,648
831,headers-core,4.3118,2,7676
832,const_fn,4.2675,5,3860
833,enum-as-inner,4.2602,25,1001
834,ruspiro-register,4.2372,4,4624
835,vte,4.2292,28,935
836,bitstream-io,4.2278,16,1421
837,futures-channel-preview,4.2267,8,2601
838,chacha20,4.2256,27,960
839,atoi,4.2230,36,780
840,more-asserts,4.2074,37,768
841,serde-json-wasm,4.1915,8,2601
842,argh_derive,4.1877,1,11797
843,prettytable-rs,4.1790,255,159
844,conv,4.1772,38,754
845,x86_64,4.1749,34,807
846,litrs,4.1536,15,1504
847,scale-info,4.1375,22,1099
848,copyless,4.1316,23,1071
849,simple-error,4.1315,62,499
850,lru-cache,4.1282,45,648
851,zstd-safe,4.1221,7,2904
852,toml_edit,4.1127,112,329
853,ripemd160,4.1070,61,509
854,futures-sink-preview,4.1001,3,5746
855,corefoundation-sys,4.0997,5,3860
856,enum_dispatch,4.0913,62,499
857,devise_core,4.0738,2,7676
858,group,4.0646,40,715
859,typemap,4.0518,48,618
860,argh,4.0498,120,310
861,unix_socket,4.0249,25,1001
862,rusb,4.0173,35,795
863,nom_locate,4.0124,39,733
864,derive_utils,4.0077,8,2601
865,parity-util-mem-derive,4.0068,2,7676
866,float-ord,4.0030,26,980
867,interoptopus,4.0000,5,3860
867,maybe-std,4.0000,4,4624
869,core-video-sys,3.9974,6,3304
870,cobs,3.9831,3,5746
871,redis,3.9714,140,279
872,gio,3.9708,120,310
873,futures-preview,3.9573,91,374
874,impl-macros,3.9530,4,4624
875,parity-util-mem,3.9385,15,1504
876,devise_codegen,3.9071,1,11797
877,tokio-core,3.9058,258,156
878,plotters-backend,3.9036,15,1504
879,ethereum-types,3.8976,51,586
880,htmlescape,3.8960,32,848
881,winit,3.8945,183,222
882,zstd,3.8920,109,335
883,luminance,3.8841,20,1183
884,coreaudio-sys,3.8597,5,3860
885,fd-lock,3.8590,10,2140
886,ordered-multimap,3.8516,3,5746
887,lexical,3.8503,21,1148
888,sp-debug-derive,3.8476,3,5746
889,poly1305,3.8431,5,3860
890,smol_str,3.8424,41,698
891,pnet_base,3.8338,9,2348
892,solana-frozen-abi-macro,3.8332,15,1504
893,robust,3.8291,6,3304
894,field-offset,3.8107,11,1945
895,allegro-sys,3.8026,11,1945
896,solana-frozen-abi,3.7975,14,1605
896,solana-sdk-macro,3.7975,4,4624
898,shellexpand,3.7915,186,219
899,cssparser-macros,3.7798,1,11797
900,clap_complete,3.7766,90,375
901,dtoa-short,3.7748,1,11797
902,devise,3.7743,8,2601
903,chrono-tz,3.7731,114,323
904,solana-program,3.7718,190,215
905,iokit-sys,3.7664,6,3304
906,http-types,3.7512,74,436
907,sma-rs,3.7500,6,3304
908,prometheus,3.7484,113,327
909,cryptoxide,3.7453,24,1033
910,memalloc,3.7441,6,3304
911,inventory,3.7288,33,825
912,pango,3.7253,40,715
913,cssparser,3.7229,22,1099
914,rpassword,3.7198,180,227
915,serial-unix,3.7105,4,4624
916,piston-viewport,3.7098,5,3860
917,duplicate,3.7090,12,1807
918,ieee754,3.7065,14,1605
919,async-recursion,3.7039,126,300
920,dasp_frame,3.7015,9,2348
921,suffix,3.6944,6,3304
922,embedded-graphics,3.6921,40,715
923,noisy_float,3.6781,30,888
924,term_size,3.6691,97,355
925,simd-abstraction,3.6653,3,5746
926,ufmt-write,3.6647,7,2904
927,librocksdb-sys,3.6577,2,7676
928,auto_impl,3.6504,28,935
929,ptr,3.6490,3,5746
930,snowflake,3.6443,18,1287
931,nohash-hasher,3.6436,30,888
932,sample,3.6371,14,1605
933,swc_macros_common,3.6259,14,1605
934,find-crate,3.6148,3,5746
935,cast_trait,3.6108,7,2904
936,sp-storage,3.6061,8,2601
937,rlp,3.6025,52,576
938,psl-types,3.5963,3,5746
939,type_constructor,3.5888,2,7676
940,base32,3.5854,57,540
941,float_next_after,3.5767,5,3860
942,lz4-sys,3.5758,5,3860
943,wasm-encoder,3.5710,5,3860
944,fixed,3.5697,33,825
945,gethostname,3.5665,41,698
946,err-derive,3.5611,66,473
947,tetsy-scale-codec,3.5594,143,273
948,forward_ref,3.5578,2,7676
949,partial-min-max,3.5503,8,2601
950,relative-path,3.5481,37,768
951,cstring,3.5478,6,3304
952,replace_with,3.5456,12,1807
953,sp-tracing,3.5428,7,2904
954,rust-ini,3.5426,94,364
955,sp-wasm-interface,3.5347,11,1945
956,rustyline,3.5344,198,206
957,azul-css,3.5335,9,2348
958,xdg,3.5329,118,314
959,blocking,3.5151,24,1033
960,sp-runtime-interface-proc-macro,3.5047,1,11797
961,sp-runtime-interface,3.5044,11,1945
961,ss58-registry,3.5044,1,11797
963,log4rs,3.5040,125,301
964,cargo-manifest,3.5038,5,3860
965,enumset_derive,3.4977,1,11797
966,shaderc-sys,3.4898,1,11797
967,sp-core,3.4848,137,283
968,state,3.4734,19,1228
969,tetsy-fixed-hash,3.4680,3,5746
970,discard,3.4659,9,2348
971,freetype-sys,3.4584,7,2904
972,smart-leds-trait,3.4358,12,1807
973,index-fixed,3.4323,4,4624
974,superslice,3.4276,11,1945
975,enumset,3.4127,27,960
976,x25519-dalek,3.4061,67,468
977,likely,3.4038,27,960
978,sc,3.3994,5,3860
979,trackable_derive,3.3970,1,11797
980,range,3.3886,7,2904
981,yasna,3.3688,25,1001
982,w5500-ll,3.3611,2,7676
983,pix,3.3571,12,1807
984,serde_derive_internals,3.3553,16,1421
985,display-interface,3.3452,16,1421
986,salsa20,3.3452,19,1228
987,uint-crate,3.3404,4,4624
988,ed25519-zebra,3.3372,7,2904
989,cid,3.3347,34,807
990,hbs-common-sys,3.3333,4,4624
991,clang-sys,3.3249,11,1945
992,hibitset,3.3214,24,1033
993,base64ct,3.3074,15,1504
994,wait-timeout,3.2947,33,825
995,libr-sys,3.2945,5,3860
996,merlin,3.2911,42,686
997,xi-unicode,3.2898,11,1945
998,serialport,3.2697,75,430
999,chacha20poly1305,3.2625,59,526
1000,subprocess,3.2615,80,411
